"","year","violent","murder","robbery","prisoners","state"
"1",1977,414.4,14.2,96.8,83,"Alabama"
"2",1978,419.1,13.3,99.1,94,"Alabama"
"3",1979,413.3,13.2,109.5,144,"Alabama"
"4",1980,448.5,13.2,132.1,141,"Alabama"
"5",1981,470.5,11.9,126.5,149,"Alabama"
"6",1982,447.7,10.6,112,183,"Alabama"
"7",1983,416,9.2,98.4,215,"Alabama"
"8",1984,431.2,9.4,96.1,243,"Alabama"
"9",1985,457.5,9.8,105.4,256,"Alabama"
"10",1986,558,10.1,111.6,267,"Alabama"
"11",1987,559.2,9.3,112.2,283,"Alabama"
"12",1988,558.6,9.9,117.8,307,"Alabama"
"13",1989,590.8,10.2,133.9,300,"Alabama"
"14",1990,708.6,11.6,143.7,328,"Alabama"
"15",1991,844.2,11.5,152.8,370,"Alabama"
"16",1992,871.7,11,164.9,394,"Alabama"
"17",1993,780.4,11.6,159.5,407,"Alabama"
"18",1994,683.7,11.9,171.2,431,"Alabama"
"19",1995,632.4,11.2,185.8,450,"Alabama"
"20",1996,565.4,10,167,471,"Alabama"
"21",1997,564.5,9.9,160.5,492,"Alabama"
"22",1998,512.1,8.1,130.9,500,"Alabama"
"23",1999,490.2,7.9,121.2,519,"Alabama"
"24",1977,443.2,10.8,96.8,63,"Alaska"
"25",1978,441.9,12.9,91.3,75,"Alaska"
"26",1979,491.1,13.3,109.6,127,"Alaska"
"27",1980,436,8.9,81.8,133,"Alaska"
"28",1981,615.8,14.6,114.6,143,"Alaska"
"29",1982,623.7,18.5,133.8,170,"Alaska"
"30",1983,613.8,13.8,97.1,194,"Alaska"
"31",1984,621.6,11.6,109.4,219,"Alaska"
"32",1985,581.8,9.8,92.9,252,"Alaska"
"33",1986,570.4,8.6,88,288,"Alaska"
"34",1987,455.4,10.1,73.1,306,"Alaska"
"35",1988,522.8,5.7,72.9,339,"Alaska"
"36",1989,497.7,8,67.6,355,"Alaska"
"37",1990,524.5,7.5,76.7,361,"Alaska"
"38",1991,613.9,7.4,113.2,348,"Alaska"
"39",1992,660.5,7.5,109,345,"Alaska"
"40",1993,760.8,9,122.4,327,"Alaska"
"41",1994,766.3,6.3,146.2,446,"Alaska"
"42",1995,770.9,9.1,155.1,317,"Alaska"
"43",1996,727.7,7.4,117,338,"Alaska"
"44",1997,701.1,8.9,106.4,383,"Alaska"
"45",1998,653.9,6.7,86.6,420,"Alaska"
"46",1999,631.5,8.6,91.4,413,"Alaska"
"47",1977,494.2,9.5,138.2,125,"Arizona"
"48",1978,552.1,9.4,162.9,129,"Arizona"
"49",1979,593,8.9,175.7,146,"Arizona"
"50",1980,650.9,10.3,193.6,139,"Arizona"
"51",1981,575.8,8.1,177.6,160,"Arizona"
"52",1982,517,8.3,158.6,184,"Arizona"
"53",1983,494.2,7.2,132.4,209,"Arizona"
"54",1984,516.1,7.8,131.1,223,"Arizona"
"55",1985,602.5,8,146.5,247,"Arizona"
"56",1986,658.3,9.3,169.2,256,"Arizona"
"57",1987,612.6,7.5,138.4,268,"Arizona"
"58",1988,610.1,8.5,137,307,"Arizona"
"59",1989,599.6,6.7,139,328,"Arizona"
"60",1990,652.4,7.7,160.9,350,"Arizona"
"61",1991,670.7,7.8,165.7,375,"Arizona"
"62",1992,670.8,8.1,153.1,396,"Arizona"
"63",1993,715,8.6,162.9,409,"Arizona"
"64",1994,703.1,10.5,162,430,"Arizona"
"65",1995,713.5,10.4,173.8,459,"Arizona"
"66",1996,631.5,8.5,167.8,473,"Arizona"
"67",1997,623.7,8.2,165.7,479,"Arizona"
"68",1998,577.9,8.1,165.2,484,"Arizona"
"69",1999,551.2,8,152.5,507,"Arizona"
"70",1977,322.9,8.8,83.2,115,"Arkansas"
"71",1978,344.1,9.1,80,111,"Arkansas"
"72",1979,366.2,9.1,74.6,115,"Arkansas"
"73",1980,335.2,9.2,80.9,132,"Arkansas"
"74",1981,310.3,9.1,77.4,128,"Arkansas"
"75",1982,324.7,8.2,78.8,143,"Arkansas"
"76",1983,297.7,7.6,69.3,166,"Arkansas"
"77",1984,321.4,7.5,67.6,179,"Arkansas"
"78",1985,347.6,7.9,68.5,188,"Arkansas"
"79",1986,394.8,8.1,79.7,195,"Arkansas"
"80",1987,412,7.6,79.1,198,"Arkansas"
"81",1988,422.7,8.7,84.1,227,"Arkansas"
"82",1989,473.7,8.4,110.6,230,"Arkansas"
"83",1990,532.2,10.3,113.2,261,"Arkansas"
"84",1991,593.3,11.1,135.6,277,"Arkansas"
"85",1992,576.5,10.8,125.5,317,"Arkansas"
"86",1993,593.3,10.2,124.9,340,"Arkansas"
"87",1994,595.1,12,128.7,327,"Arkansas"
"88",1995,553.2,10.4,125.7,345,"Arkansas"
"89",1996,524,9,114,361,"Arkansas"
"90",1997,526.9,9.9,111.5,357,"Arkansas"
"91",1998,490.2,7.9,96.2,392,"Arkansas"
"92",1999,425.2,5.6,79.3,415,"Arkansas"
"93",1977,706,11.5,287,85,"California"
"94",1978,742.9,11.7,306.1,80,"California"
"95",1979,811.1,13,333.8,88,"California"
"96",1980,893.6,14.5,384.2,93,"California"
"97",1981,863,13,388.2,98,"California"
"98",1982,814.7,11.2,372.1,114,"California"
"99",1983,772.6,10.5,340.9,135,"California"
"100",1984,763.4,10.6,327.5,150,"California"
"101",1985,765.3,10.5,327.7,162,"California"
"102",1986,920.5,11.3,342.9,181,"California"
"103",1987,918,10.6,301.3,212,"California"
"104",1988,929.8,10.4,305.8,231,"California"
"105",1989,977.7,10.9,331.8,257,"California"
"106",1990,1045.2,11.9,377,283,"California"
"107",1991,1089.9,12.7,411.3,311,"California"
"108",1992,1119.7,12.7,424.1,318,"California"
"109",1993,1077.8,13.1,405.1,339,"California"
"110",1994,1013,11.8,356.8,368,"California"
"111",1995,966,11.2,331.2,384,"California"
"112",1996,862.7,9.1,295.6,416,"California"
"113",1997,798.3,8,252.5,446,"California"
"114",1998,703.7,6.6,210.6,475,"California"
"115",1999,627.2,6,181.1,483,"California"
"116",1977,511.9,6.3,170.7,87,"Colorado"
"117",1978,498,7.3,159.2,89,"Colorado"
"118",1979,522.1,5.8,157,93,"Colorado"
"119",1980,528.6,6.9,160.1,90,"Colorado"
"120",1981,531.7,8.1,159.5,96,"Colorado"
"121",1982,504.2,6,150.6,92,"Colorado"
"122",1983,476.4,6.4,126.4,108,"Colorado"
"123",1984,457.8,5.8,114,109,"Colorado"
"124",1985,471,5.8,124.2,104,"Colorado"
"125",1986,523.6,7,144.8,103,"Colorado"
"126",1987,467.5,5.8,118.8,115,"Colorado"
"127",1988,472.6,5.7,98.8,145,"Colorado"
"128",1989,471.4,4.4,90,174,"Colorado"
"129",1990,526,4.2,90.6,207,"Colorado"
"130",1991,559.3,5.9,107.4,209,"Colorado"
"131",1992,578.8,6.2,120.5,249,"Colorado"
"132",1993,567.3,5.8,116.7,256,"Colorado"
"133",1994,509.6,5.4,106.9,262,"Colorado"
"134",1995,440.2,5.8,96.2,289,"Colorado"
"135",1996,404.5,4.7,98.2,292,"Colorado"
"136",1997,363.2,4,83.3,322,"Colorado"
"137",1998,377.9,4.6,81.5,342,"Colorado"
"138",1999,340.5,4.6,75.3,357,"Colorado"
"139",1977,282.3,4.2,129.5,62,"Connecticut"
"140",1978,315,4.2,154.8,53,"Connecticut"
"141",1979,414.2,4.2,193.3,70,"Connecticut"
"142",1980,412.5,4.7,218,69,"Connecticut"
"143",1981,448.1,5.4,246.1,68,"Connecticut"
"144",1982,399.5,5.2,208.5,95,"Connecticut"
"145",1983,375,4.1,200.6,114,"Connecticut"
"146",1984,393.8,3.9,190.5,114,"Connecticut"
"147",1985,402,3.8,190,119,"Connecticut"
"148",1986,425.8,4.6,192.2,127,"Connecticut"
"149",1987,419,4.9,178.1,135,"Connecticut"
"150",1988,455.4,5.4,187.6,144,"Connecticut"
"151",1989,511.8,5.9,214.8,146,"Connecticut"
"152",1990,553.7,5.1,234.8,194,"Connecticut"
"153",1991,539.7,5.7,224.4,238,"Connecticut"
"154",1992,495.3,5.1,210.9,263,"Connecticut"
"155",1993,456.2,6.3,196.7,268,"Connecticut"
"156",1994,455.5,6.6,187.8,320,"Connecticut"
"157",1995,405.9,4.6,163.2,321,"Connecticut"
"158",1996,412,4.8,169.6,318,"Connecticut"
"159",1997,390.9,3.8,152.9,314,"Connecticut"
"160",1998,366.3,4.1,133.8,397,"Connecticut"
"161",1999,345.6,3.3,123.5,372,"Connecticut"
"162",1977,382.1,6,157,118,"Delaware"
"163",1978,440.7,6.7,145.5,120,"Delaware"
"164",1979,537.3,5.7,129.4,173,"Delaware"
"165",1980,474.8,6.9,137,181,"Delaware"
"166",1981,509,6.7,141.1,183,"Delaware"
"167",1982,559.8,5.3,122.4,208,"Delaware"
"168",1983,453.1,4.1,115.3,250,"Delaware"
"169",1984,435.7,4.1,116,273,"Delaware"
"170",1985,433.3,4.8,124.3,263,"Delaware"
"171",1986,427,4.9,124.2,281,"Delaware"
"172",1987,430.7,5.1,122.5,311,"Delaware"
"173",1988,451.7,5.2,118.8,326,"Delaware"
"174",1989,556.5,5.1,138.8,331,"Delaware"
"175",1990,655.2,5,164.8,333,"Delaware"
"176",1991,714.3,5.4,214.7,323,"Delaware"
"177",1992,621.2,4.6,151.2,344,"Delaware"
"178",1993,685.9,5,186.7,390,"Delaware"
"179",1994,644.3,4.7,161.6,394,"Delaware"
"180",1995,725,3.5,198.7,400,"Delaware"
"181",1996,668.3,4.3,179.9,413,"Delaware"
"182",1997,677.9,2.5,179.5,428,"Delaware"
"183",1998,762.4,2.8,194.2,443,"Delaware"
"184",1999,734,3.2,197.9,429,"Delaware"
"185",1977,1426.5,27.8,964.5,334,"District of Columbia"
"186",1978,1411.7,28,939.6,330,"District of Columbia"
"187",1979,1608.7,27.4,1054.9,383,"District of Columbia"
"188",1980,2010.6,31.5,1400.6,433,"District of Columbia"
"189",1981,2274.8,35.1,1635.1,426,"District of Columbia"
"190",1982,2123.1,30.7,1448,467,"District of Columbia"
"191",1983,1915.4,29.4,1235.6,531,"District of Columbia"
"192",1984,1721.5,28.1,977,558,"District of Columbia"
"193",1985,1624.8,23.5,835.5,649,"District of Columbia"
"194",1986,1505.3,31,754,738,"District of Columbia"
"195",1987,1610.3,36.2,717.4,753,"District of Columbia"
"196",1988,1921.6,59.5,917.7,905,"District of Columbia"
"197",1989,2141.9,71.9,1083.1,1078,"District of Columbia"
"198",1990,2458.2,77.8,1213.5,1132,"District of Columbia"
"199",1991,2453.3,80.6,1215.6,1148,"District of Columbia"
"200",1992,2832.8,75.2,1266.4,1221,"District of Columbia"
"201",1993,2921.8,78.5,1229.6,1287,"District of Columbia"
"202",1994,2662.6,70,1107.2,1549,"District of Columbia"
"203",1995,2661.4,65,1239,1782,"District of Columbia"
"204",1996,2469.8,73.1,1186.7,1650,"District of Columbia"
"205",1997,2024.2,56.9,850.9,1611,"District of Columbia"
"206",1998,1718.5,49.7,689.5,1682,"District of Columbia"
"207",1999,1627.7,46.4,644.3,1913,"District of Columbia"
"208",1977,686.8,10.2,187.9,211,"Florida"
"209",1978,765.6,11,206,221,"Florida"
"210",1979,833.9,12.2,249.4,239,"Florida"
"211",1980,983.5,14.5,355.5,220,"Florida"
"212",1981,965.1,15,348.9,208,"Florida"
"213",1982,896.8,13.5,297.6,224,"Florida"
"214",1983,826.7,11.2,263.4,261,"Florida"
"215",1984,868,11.5,276.2,235,"Florida"
"216",1985,941.1,11.4,312.4,242,"Florida"
"217",1986,1036.5,11.7,366.8,247,"Florida"
"218",1987,1024.4,11.4,356.6,272,"Florida"
"219",1988,1117.7,11.4,403.3,265,"Florida"
"220",1989,1109.4,11.1,404,278,"Florida"
"221",1990,1244.3,10.7,416.8,307,"Florida"
"222",1991,1184.3,9.4,399.8,336,"Florida"
"223",1992,1207.2,9,366.9,344,"Florida"
"224",1993,1206,8.9,357.6,355,"Florida"
"225",1994,1146.8,8.3,328.8,384,"Florida"
"226",1995,1071,7.3,299.9,406,"Florida"
"227",1996,1051,7.5,289.2,447,"Florida"
"228",1997,1023.6,6.9,276.1,439,"Florida"
"229",1998,938.7,6.5,242.7,437,"Florida"
"230",1999,854,5.7,211.6,447,"Florida"
"231",1977,439.8,11.7,140.5,225,"Georgia"
"232",1978,482.8,14.4,166.3,224,"Georgia"
"233",1979,558.7,17.1,213.7,216,"Georgia"
"234",1980,555.3,13.8,197.6,224,"Georgia"
"235",1981,548.2,17.2,196.4,219,"Georgia"
"236",1982,478.2,12.6,154.6,220,"Georgia"
"237",1983,456.7,8.4,144.2,247,"Georgia"
"238",1984,478.6,9.4,144.1,259,"Georgia"
"239",1985,507.2,10.4,164.2,254,"Georgia"
"240",1986,587.6,11.2,213.9,251,"Georgia"
"241",1987,576.5,11.8,209.2,265,"Georgia"
"242",1988,665.3,11.7,243.6,282,"Georgia"
"243",1989,735.8,12.7,271.1,281,"Georgia"
"244",1990,756.3,11.8,263.5,300,"Georgia"
"245",1991,738.2,12.8,268.2,327,"Georgia"
"246",1992,733.2,11,249.8,342,"Georgia"
"247",1993,723.1,11.4,248,365,"Georgia"
"248",1994,667.7,10,222.6,387,"Georgia"
"249",1995,657.1,9.5,205.2,456,"Georgia"
"250",1996,638.7,8.6,205.4,470,"Georgia"
"251",1997,606.6,7.5,206.7,462,"Georgia"
"252",1998,572.7,8.1,187.2,472,"Georgia"
"253",1999,534,7.5,166.4,502,"Georgia"
"254",1977,224.8,7.2,128,39,"Hawaii"
"255",1978,270.1,6.7,173.6,44,"Hawaii"
"256",1979,289.7,7.2,184.5,57,"Hawaii"
"257",1980,299.5,8.7,190.2,58,"Hawaii"
"258",1981,247.6,4.8,148.4,65,"Hawaii"
"259",1982,255.7,3.1,156.9,77,"Hawaii"
"260",1983,252.1,5.6,130,88,"Hawaii"
"261",1984,231.9,3.3,115.9,103,"Hawaii"
"262",1985,219.4,4.1,99.4,124,"Hawaii"
"263",1986,245.2,4.8,106.3,134,"Hawaii"
"264",1987,263.3,4.8,98,142,"Hawaii"
"265",1988,257.1,4,84.1,141,"Hawaii"
"266",1989,270.1,4.8,83.2,136,"Hawaii"
"267",1990,280.9,4,91.4,142,"Hawaii"
"268",1991,241.8,4,86.9,150,"Hawaii"
"269",1992,258.4,3.6,99.2,153,"Hawaii"
"270",1993,261.2,3.8,103.6,164,"Hawaii"
"271",1994,262.2,4.2,103.6,198,"Hawaii"
"272",1995,295.6,4.7,130.8,202,"Hawaii"
"273",1996,280.6,3.4,135.6,217,"Hawaii"
"274",1997,277.9,4,118.2,249,"Hawaii"
"275",1998,246.9,2,102.7,288,"Hawaii"
"276",1999,235,3.7,88.1,307,"Hawaii"
"277",1977,236.9,5.5,39.6,82,"Idaho"
"278",1978,236.4,5.4,40,87,"Idaho"
"279",1979,288.7,5.4,43.3,91,"Idaho"
"280",1980,313.4,3.1,46.8,92,"Idaho"
"281",1981,283.3,4.5,37.7,87,"Idaho"
"282",1982,259.2,2.5,30.3,99,"Idaho"
"283",1983,238.7,3.5,27.3,107,"Idaho"
"284",1984,235.3,3.4,24.4,121,"Idaho"
"285",1985,234.8,2.2,26.8,127,"Idaho"
"286",1986,222.5,3.2,21.3,133,"Idaho"
"287",1987,214.2,3.1,24.2,144,"Idaho"
"288",1988,234.7,3.6,20.2,144,"Idaho"
"289",1989,254.6,2.6,15,157,"Idaho"
"290",1990,275.7,2.7,15,180,"Idaho"
"291",1991,290.3,1.8,20.7,190,"Idaho"
"292",1992,281.4,3.5,21.5,205,"Idaho"
"293",1993,281.8,2.9,16.9,209,"Idaho"
"294",1994,285.8,3.5,18.4,234,"Idaho"
"295",1995,322,4.1,24,245,"Idaho"
"296",1996,267.2,3.6,20.3,283,"Idaho"
"297",1997,256.8,3.2,19.6,319,"Idaho"
"298",1998,282.2,2.9,21.5,323,"Idaho"
"299",1999,244.9,2,17.8,330,"Idaho"
"300",1977,630.6,9.9,280.3,87,"Illinois"
"301",1978,676.7,9.9,292.9,95,"Illinois"
"302",1979,743.9,10.7,321.1,96,"Illinois"
"303",1980,808,10.6,367,95,"Illinois"
"304",1981,792.5,10.5,373.2,94,"Illinois"
"305",1982,774.3,8.8,346.8,113,"Illinois"
"306",1983,728.1,9.7,318.9,119,"Illinois"
"307",1984,724.9,9,303.8,135,"Illinois"
"308",1985,714.8,8,287.1,149,"Illinois"
"309",1986,808.9,8.9,325.3,161,"Illinois"
"310",1987,796.2,8.3,314.3,168,"Illinois"
"311",1988,810.4,8.6,312.7,171,"Illinois"
"312",1989,845.9,9,335.7,181,"Illinois"
"313",1990,967.4,10.3,394,211,"Illinois"
"314",1991,1039.2,11.3,456.1,234,"Illinois"
"315",1992,977.3,11.4,412.5,247,"Illinois"
"316",1993,959.7,11.4,381.2,271,"Illinois"
"317",1994,960.9,11.7,372.6,294,"Illinois"
"318",1995,996.1,10.3,330.8,310,"Illinois"
"319",1996,890.4,10,279.4,317,"Illinois"
"320",1997,861.4,9.2,278.4,327,"Illinois"
"321",1998,807.7,8.4,248.5,342,"Illinois"
"322",1999,732.5,7.7,219.4,357,"Illinois"
"323",1977,310.6,7.4,123.2,79,"Indiana"
"324",1978,323.5,6.2,121.4,80,"Indiana"
"325",1979,338,8.3,132.7,82,"Indiana"
"326",1980,377.8,8.9,141.4,98,"Indiana"
"327",1981,341.6,7.1,129,114,"Indiana"
"328",1982,300.6,6.5,109,138,"Indiana"
"329",1983,283.8,5.2,99.9,152,"Indiana"
"330",1984,305.2,5.5,98.9,164,"Indiana"
"331",1985,309.4,5.8,92.1,165,"Indiana"
"332",1986,307.7,6,90,175,"Indiana"
"333",1987,328.5,5.6,88.6,181,"Indiana"
"334",1988,380,6.4,89,192,"Indiana"
"335",1989,406.5,6.3,101.4,202,"Indiana"
"336",1990,473.9,6.2,101.3,217,"Indiana"
"337",1991,505.3,7.5,116,223,"Indiana"
"338",1992,508.5,8.2,122.2,226,"Indiana"
"339",1993,489.1,7.5,119.8,242,"Indiana"
"340",1994,525.1,7.9,130.2,250,"Indiana"
"341",1995,524.7,8,135.2,258,"Indiana"
"342",1996,537,7.2,124.1,275,"Indiana"
"343",1997,514.6,7.3,132.4,286,"Indiana"
"344",1998,431,7.7,111.2,301,"Indiana"
"345",1999,374.6,6.6,109.3,321,"Indiana"
"346",1977,144,2.3,41.2,66,"Iowa"
"347",1978,161.4,2.6,46.9,70,"Iowa"
"348",1979,181.2,2.2,50.2,70,"Iowa"
"349",1980,200.4,2.2,54.9,72,"Iowa"
"350",1981,204.2,2.6,53.6,86,"Iowa"
"351",1982,172.7,2.3,36.2,88,"Iowa"
"352",1983,181.1,2.3,41,93,"Iowa"
"353",1984,198.7,2,38.3,92,"Iowa"
"354",1985,211.7,1.9,41.2,97,"Iowa"
"355",1986,235.1,1.8,42,98,"Iowa"
"356",1987,231.2,2.1,36.2,98,"Iowa"
"357",1988,256.8,1.7,39.9,101,"Iowa"
"358",1989,266.3,1.9,39,107,"Iowa"
"359",1990,299.7,1.9,39.2,126,"Iowa"
"360",1991,303.3,2,45,139,"Iowa"
"361",1992,278,1.6,39.6,144,"Iowa"
"362",1993,325.5,2.3,53.9,160,"Iowa"
"363",1994,315.1,1.7,46.9,174,"Iowa"
"364",1995,354.4,1.8,53,192,"Iowa"
"365",1996,272.5,1.9,45.1,207,"Iowa"
"366",1997,310,1.8,55.9,222,"Iowa"
"367",1998,311.5,1.9,50.9,243,"Iowa"
"368",1999,280,1.5,36.6,258,"Iowa"
"369",1977,309.8,6.6,100.7,91,"Kansas"
"370",1978,318.2,5.7,93.7,97,"Kansas"
"371",1979,353.6,5.5,102.3,98,"Kansas"
"372",1980,389.3,6.9,113.1,95,"Kansas"
"373",1981,369.4,6.3,109.7,106,"Kansas"
"374",1982,335.9,5.7,87,116,"Kansas"
"375",1983,326.6,5.6,84,129,"Kansas"
"376",1984,334.2,3.7,71.6,152,"Kansas"
"377",1985,355.8,4.9,78.7,173,"Kansas"
"378",1986,368.8,4.4,79.6,192,"Kansas"
"379",1987,360.7,4.4,82.1,217,"Kansas"
"380",1988,365.2,3.4,85.9,233,"Kansas"
"381",1989,400.8,5.5,99.8,232,"Kansas"
"382",1990,447.7,4,117.6,222,"Kansas"
"383",1991,499.6,6.1,138.4,227,"Kansas"
"384",1992,510.8,6,129.9,231,"Kansas"
"385",1993,496.4,6.4,123.6,238,"Kansas"
"386",1994,443,6.7,115.1,226,"Kansas"
"387",1995,420.7,6.2,108.2,248,"Kansas"
"388",1996,413.8,6.6,96.3,274,"Kansas"
"389",1997,409.2,6,93.3,301,"Kansas"
"390",1998,397,5.9,86.8,304,"Kansas"
"391",1999,382.8,6,77.1,310,"Kansas"
"392",1977,233.6,10.1,81.1,107,"Kentucky"
"393",1978,223.2,9,81.3,106,"Kentucky"
"394",1979,248,9.5,92.1,97,"Kentucky"
"395",1980,266.7,8.8,95.2,105,"Kentucky"
"396",1981,289.5,8.4,100.7,99,"Kentucky"
"397",1982,315,9.7,97.3,114,"Kentucky"
"398",1983,322.2,9.8,87.1,110,"Kentucky"
"399",1984,277.8,6.6,70.7,127,"Kentucky"
"400",1985,305.5,6.9,75.7,128,"Kentucky"
"401",1986,334.4,6.7,82.5,133,"Kentucky"
"402",1987,337.8,7.5,90.2,142,"Kentucky"
"403",1988,330.1,6.2,74.3,147,"Kentucky"
"404",1989,356.9,7.9,76.1,191,"Kentucky"
"405",1990,390.4,7.2,69.1,222,"Kentucky"
"406",1991,438,6.8,83.1,241,"Kentucky"
"407",1992,535.5,5.8,87.2,262,"Kentucky"
"408",1993,462.7,6.6,90.4,274,"Kentucky"
"409",1994,444,6.4,93.9,274,"Kentucky"
"410",1995,364.7,7.2,103.7,288,"Kentucky"
"411",1996,320.5,5.9,93.8,311,"Kentucky"
"412",1997,316.9,5.8,90.7,331,"Kentucky"
"413",1998,284,4.6,75.4,372,"Kentucky"
"414",1999,300.6,5.4,80,379,"Kentucky"
"415",1977,524.8,15.5,142.9,120,"Louisiana"
"416",1978,584.9,15.8,173.7,152,"Louisiana"
"417",1979,676.3,16.9,219.4,184,"Louisiana"
"418",1980,665,15.7,197,190,"Louisiana"
"419",1981,638.3,15.6,202,211,"Louisiana"
"420",1982,669.1,16,212.6,216,"Louisiana"
"421",1983,640.9,14.2,190,251,"Louisiana"
"422",1984,678,12.9,190.5,290,"Louisiana"
"423",1985,694.2,10.9,190.3,310,"Louisiana"
"424",1986,758.2,12.8,223.8,308,"Louisiana"
"425",1987,693,11.1,179,316,"Louisiana"
"426",1988,717.4,11.6,209,346,"Louisiana"
"427",1989,781.8,14.9,237.3,370,"Louisiana"
"428",1990,898.4,17.2,269.8,396,"Louisiana"
"429",1991,951,16.9,278.9,427,"Louisiana"
"430",1992,984.6,17.4,271.4,462,"Louisiana"
"431",1993,1061.7,20.3,283.6,484,"Louisiana"
"432",1994,981.9,19.8,267.2,522,"Louisiana"
"433",1995,1007.4,17,268.6,556,"Louisiana"
"434",1996,929.1,17.5,276.6,578,"Louisiana"
"435",1997,855.9,15.7,239.1,615,"Louisiana"
"436",1998,779.5,12.8,198,672,"Louisiana"
"437",1999,732.7,10.7,173.6,736,"Louisiana"
"438",1977,224.7,2.4,38.7,57,"Maine"
"439",1978,207.7,2.7,32.9,61,"Maine"
"440",1979,202.5,2.8,31.8,53,"Maine"
"441",1980,193.4,2.8,30.8,58,"Maine"
"442",1981,195.6,3.2,32.5,61,"Maine"
"443",1982,163,2.1,30.5,71,"Maine"
"444",1983,159.6,2.1,27.1,69,"Maine"
"445",1984,158.5,1.7,26.4,75,"Maine"
"446",1985,167.5,2.4,24.4,72,"Maine"
"447",1986,147,2,27.9,83,"Maine"
"448",1987,152.1,2.5,25.6,106,"Maine"
"449",1988,157.4,3.1,25.8,106,"Maine"
"450",1989,137.2,3.2,24,100,"Maine"
"451",1990,143.2,2.4,25.1,116,"Maine"
"452",1991,132.1,1.2,22.7,118,"Maine"
"453",1992,130.9,1.7,23.3,123,"Maine"
"454",1993,125.7,1.6,21.3,121,"Maine"
"455",1994,129.9,2.3,22.4,116,"Maine"
"456",1995,131.4,2,26.9,113,"Maine"
"457",1996,124.9,2,23.5,107,"Maine"
"458",1997,120.8,2,20.7,108,"Maine"
"459",1998,125.8,2,21.1,124,"Maine"
"460",1999,112.2,2.2,19.4,125,"Maine"
"461",1977,693.8,8,292.1,192,"Maryland"
"462",1978,732,8.2,309.6,198,"Maryland"
"463",1979,795.5,9.8,331.2,193,"Maryland"
"464",1980,852.4,9.5,392.7,187,"Maryland"
"465",1981,887.1,9.9,424.4,183,"Maryland"
"466",1982,850,10.1,360.5,218,"Maryland"
"467",1983,807.1,8.5,347.4,244,"Maryland"
"468",1984,792.3,8.1,301.1,277,"Maryland"
"469",1985,834.6,7.9,302.2,285,"Maryland"
"470",1986,833,9,304,279,"Maryland"
"471",1987,767.8,9.6,290.3,280,"Maryland"
"472",1988,806.8,9.7,301.3,282,"Maryland"
"473",1989,855.4,11.6,332.1,291,"Maryland"
"474",1990,919,11.5,363.8,323,"Maryland"
"475",1991,956.2,11.7,407.1,348,"Maryland"
"476",1992,1000.1,12.1,429,366,"Maryland"
"477",1993,997.8,12.7,434.7,381,"Maryland"
"478",1994,948,11.6,402.5,383,"Maryland"
"479",1995,986.9,11.8,423.1,395,"Maryland"
"480",1996,931.2,11.6,393.2,404,"Maryland"
"481",1997,846.6,9.9,336.8,412,"Maryland"
"482",1998,796.6,10,298.7,413,"Maryland"
"483",1999,743.4,9,263.7,418,"Maryland"
"484",1977,425.3,3.1,169.9,46,"Massachusetts"
"485",1978,462,3.7,172.3,48,"Massachusetts"
"486",1979,531.3,3.7,203.2,49,"Massachusetts"
"487",1980,601.3,4.1,235.5,50,"Massachusetts"
"488",1981,628.6,3.6,270.9,56,"Massachusetts"
"489",1982,571.4,3.8,213.8,65,"Massachusetts"
"490",1983,576.8,3.5,208.5,77,"Massachusetts"
"491",1984,523.7,3.6,174.6,79,"Massachusetts"
"492",1985,538.2,3.5,188.5,84,"Massachusetts"
"493",1986,556.9,3.6,192.7,88,"Massachusetts"
"494",1987,564.6,3,177.3,92,"Massachusetts"
"495",1988,619.6,3.5,176.3,102,"Massachusetts"
"496",1989,675,4.3,202.6,109,"Massachusetts"
"497",1990,736.3,4,217.1,122,"Massachusetts"
"498",1991,736.1,4.2,194.6,132,"Massachusetts"
"499",1992,779,3.6,184.4,143,"Massachusetts"
"500",1993,804.9,3.9,175.7,161,"Massachusetts"
"501",1994,707.6,3.5,168.2,154,"Massachusetts"
"502",1995,687.2,3.6,150.4,174,"Massachusetts"
"503",1996,642.2,2.6,127.7,170,"Massachusetts"
"504",1997,644.2,1.9,109.1,178,"Massachusetts"
"505",1998,621.3,2,96.6,278,"Massachusetts"
"506",1999,551,2,96,275,"Massachusetts"
"507",1977,584.7,9.3,261.9,137,"Michigan"
"508",1978,577.2,10.6,219.3,151,"Michigan"
"509",1979,614.2,9.1,219.6,162,"Michigan"
"510",1980,639.5,10.2,244,163,"Michigan"
"511",1981,641.9,9.4,257.5,163,"Michigan"
"512",1982,656.6,9.1,271.1,165,"Michigan"
"513",1983,716.7,10,285.3,162,"Michigan"
"514",1984,760.1,9.7,306.7,159,"Michigan"
"515",1985,734.1,11.2,292.4,161,"Michigan"
"516",1986,803.9,11.3,301.3,196,"Michigan"
"517",1987,780.1,12.2,276.5,227,"Michigan"
"518",1988,741.7,10.8,241.1,259,"Michigan"
"519",1989,709.2,10.7,222.3,298,"Michigan"
"520",1990,790.4,10.4,234,340,"Michigan"
"521",1991,803.1,10.8,243.3,366,"Michigan"
"522",1992,770.1,9.9,221.5,388,"Michigan"
"523",1993,791.5,9.8,238.5,413,"Michigan"
"524",1994,766.1,9.8,228.9,414,"Michigan"
"525",1995,687.8,8.5,187.3,427,"Michigan"
"526",1996,635.3,7.5,176.2,429,"Michigan"
"527",1997,590,7.8,152.8,440,"Michigan"
"528",1998,620.8,7.3,155.8,457,"Michigan"
"529",1999,574.9,7,143,466,"Michigan"
"530",1977,193.8,2.7,85.9,41,"Minnesota"
"531",1978,189.6,2,85.1,44,"Minnesota"
"532",1979,221,2.3,92.5,49,"Minnesota"
"533",1980,227.8,2.6,99.1,51,"Minnesota"
"534",1981,228.5,2.1,104.3,49,"Minnesota"
"535",1982,219.3,2.3,101.3,49,"Minnesota"
"536",1983,190.9,1.7,79.6,50,"Minnesota"
"537",1984,211.5,1.8,71.1,52,"Minnesota"
"538",1985,256.4,2.1,85.8,52,"Minnesota"
"539",1986,284.6,2.5,102,56,"Minnesota"
"540",1987,285.4,2.6,102.5,58,"Minnesota"
"541",1988,290.1,2.9,94.7,60,"Minnesota"
"542",1989,288.3,2.5,94.8,64,"Minnesota"
"543",1990,306.1,2.7,92.7,71,"Minnesota"
"544",1991,316,3,98,72,"Minnesota"
"545",1992,338,3.3,109.5,78,"Minnesota"
"546",1993,353.9,3.4,112.7,85,"Minnesota"
"547",1994,359,3.2,117.6,92,"Minnesota"
"548",1995,356.1,3.9,123.7,100,"Minnesota"
"549",1996,338.8,3.6,115.6,105,"Minnesota"
"550",1997,337.8,2.8,114.7,110,"Minnesota"
"551",1998,310.2,2.6,92.5,113,"Minnesota"
"552",1999,274,2.8,82,117,"Minnesota"
"553",1977,288.7,14.3,65.7,91,"Mississippi"
"554",1978,321.2,12.6,70.2,67,"Mississippi"
"555",1979,323.6,12.6,70.7,110,"Mississippi"
"556",1980,341.9,14.5,81,141,"Mississippi"
"557",1981,304.6,12.6,81.4,132,"Mississippi"
"558",1982,294.6,14,73,177,"Mississippi"
"559",1983,280.4,11.2,63.8,210,"Mississippi"
"560",1984,282,9.7,60.5,211,"Mississippi"
"561",1985,270.9,10.6,62.6,229,"Mississippi"
"562",1986,274.1,11.2,64.6,237,"Mississippi"
"563",1987,269.8,10.2,57,249,"Mississippi"
"564",1988,325.2,8.6,77.2,256,"Mississippi"
"565",1989,311.2,9.7,78.3,277,"Mississippi"
"566",1990,340.4,12.2,86.2,293,"Mississippi"
"567",1991,389.1,12.8,116.3,307,"Mississippi"
"568",1992,411.7,12.2,124.5,330,"Mississippi"
"569",1993,433.9,13.5,139.3,327,"Mississippi"
"570",1994,493.7,15.3,162.5,361,"Mississippi"
"571",1995,502.8,12.9,130.9,395,"Mississippi"
"572",1996,488.3,11.1,134.2,452,"Mississippi"
"573",1997,469,13.1,137,482,"Mississippi"
"574",1998,410.7,11.4,123.3,531,"Mississippi"
"575",1999,349.3,7.7,111.6,574,"Mississippi"
"576",1977,460.4,9.6,189,105,"Missouri"
"577",1978,467.9,10.4,184,111,"Missouri"
"578",1979,527.2,11.2,210.9,116,"Missouri"
"579",1980,554.5,11.1,223.6,113,"Missouri"
"580",1981,540.2,10.4,215.2,112,"Missouri"
"581",1982,506.5,9.7,193,131,"Missouri"
"582",1983,477.2,8.1,167.9,147,"Missouri"
"583",1984,460.7,7.1,140.8,162,"Missouri"
"584",1985,503.5,8.1,147.6,175,"Missouri"
"585",1986,578.6,9.2,170.2,194,"Missouri"
"586",1987,544.6,8.3,164.1,203,"Missouri"
"587",1988,552.5,8,168.1,218,"Missouri"
"588",1989,632.6,7.9,195,236,"Missouri"
"589",1990,715.3,8.8,216.4,269,"Missouri"
"590",1991,763,10.5,251.1,287,"Missouri"
"591",1992,740.4,10.5,226.9,305,"Missouri"
"592",1993,744.4,11.3,241.8,311,"Missouri"
"593",1994,743.5,10.5,230.7,308,"Missouri"
"594",1995,663.8,8.8,204,338,"Missouri"
"595",1996,590.9,8.1,170.6,358,"Missouri"
"596",1997,577.4,7.9,156.1,409,"Missouri"
"597",1998,555.7,7.3,149.2,442,"Missouri"
"598",1999,500.2,6.6,130.7,457,"Missouri"
"599",1977,218,5.4,39.2,73,"Montana"
"600",1978,237.6,4.8,36.8,81,"Montana"
"601",1979,224.2,4.2,33.1,87,"Montana"
"602",1980,222.6,4,34,96,"Montana"
"603",1981,253,3.4,38.1,94,"Montana"
"604",1982,224.8,3.9,33.1,104,"Montana"
"605",1983,212.6,3.7,23.5,114,"Montana"
"606",1984,237.6,4.4,27.4,104,"Montana"
"607",1985,208.5,5.8,20.9,121,"Montana"
"608",1986,157.4,2.9,19.5,136,"Montana"
"609",1987,151.2,4.1,24.2,135,"Montana"
"610",1988,123,2.6,22.6,147,"Montana"
"611",1989,116,2.9,17,158,"Montana"
"612",1990,159.3,4.9,21.7,165,"Montana"
"613",1991,139.9,2.6,18.6,176,"Montana"
"614",1992,169.9,2.9,26.9,183,"Montana"
"615",1993,177.5,3,32.4,180,"Montana"
"616",1994,177.1,3.3,32.7,182,"Montana"
"617",1995,171.4,4,29.1,204,"Montana"
"618",1996,161,3.9,29.7,228,"Montana"
"619",1997,132.1,4.8,20.4,259,"Montana"
"620",1998,138.8,4.1,19.9,255,"Montana"
"621",1999,206.5,2.6,25.8,310,"Montana"
"622",1977,199.4,3.9,64.7,93,"Nebraska"
"623",1978,190.5,3,64.9,83,"Nebraska"
"624",1979,225.9,4.1,73.5,80,"Nebraska"
"625",1980,224.6,4.4,82.2,71,"Nebraska"
"626",1981,181.5,3.1,70.7,89,"Nebraska"
"627",1982,229.6,2,61.9,104,"Nebraska"
"628",1983,217.7,2.6,49.8,99,"Nebraska"
"629",1984,225.8,3.4,43.2,91,"Nebraska"
"630",1985,237.9,2.9,48.5,95,"Nebraska"
"631",1986,262.6,3.1,51.1,108,"Nebraska"
"632",1987,251.2,3.5,47.1,116,"Nebraska"
"633",1988,273.2,3.6,56.1,123,"Nebraska"
"634",1989,279.5,2.5,52,129,"Nebraska"
"635",1990,330,2.7,51.1,141,"Nebraska"
"636",1991,334.6,3.3,54,140,"Nebraska"
"637",1992,348.6,4.2,56.7,145,"Nebraska"
"638",1993,377.8,3.9,62.4,151,"Nebraska"
"639",1994,389.5,3.1,75.4,153,"Nebraska"
"640",1995,382,2.9,65.2,164,"Nebraska"
"641",1996,435,2.9,63.7,183,"Nebraska"
"642",1997,438.4,3,66.2,194,"Nebraska"
"643",1998,451.4,3.1,77.6,200,"Nebraska"
"644",1999,430.2,3.6,75.9,215,"Nebraska"
"645",1977,743,15.8,323.1,156,"Nevada"
"646",1978,780.8,15.5,359.5,187,"Nevada"
"647",1979,835.6,17.5,407.5,204,"Nevada"
"648",1980,912.6,20,460.6,224,"Nevada"
"649",1981,896.4,17.5,458,230,"Nevada"
"650",1982,805.4,13.6,419.6,245,"Nevada"
"651",1983,655.2,12.8,307.2,301,"Nevada"
"652",1984,628.5,10.8,279,354,"Nevada"
"653",1985,667.1,10.3,274.9,380,"Nevada"
"654",1986,718.9,12.6,286.9,397,"Nevada"
"655",1987,695.7,8.4,272.5,447,"Nevada"
"656",1988,780.7,10.5,291.2,432,"Nevada"
"657",1989,625.3,8.2,250.6,452,"Nevada"
"658",1990,600.9,9.7,238.3,438,"Nevada"
"659",1991,677,11.8,312.5,444,"Nevada"
"660",1992,696.8,10.9,331.3,439,"Nevada"
"661",1993,875.2,10.4,340.1,448,"Nevada"
"662",1994,1001.9,11.7,352.4,434,"Nevada"
"663",1995,945.2,10.7,324.6,468,"Nevada"
"664",1996,811.3,13.7,307.6,493,"Nevada"
"665",1997,798.7,11.2,302.4,515,"Nevada"
"666",1998,643.6,9.7,254.9,518,"Nevada"
"667",1999,570,9.1,232.7,542,"Nevada"
"668",1977,113.1,3.2,23.2,30,"New Hampshire"
"669",1978,118.8,1.4,26.3,26,"New Hampshire"
"670",1979,139.9,2.4,28.6,32,"New Hampshire"
"671",1980,179.8,2.5,42,35,"New Hampshire"
"672",1981,147.1,2.9,35.8,35,"New Hampshire"
"673",1982,124.8,2.2,33.9,42,"New Hampshire"
"674",1983,125.1,2,24.1,47,"New Hampshire"
"675",1984,133.9,1,23.2,50,"New Hampshire"
"676",1985,140.8,2.1,26.7,57,"New Hampshire"
"677",1986,139.5,2.2,23.6,68,"New Hampshire"
"678",1987,149.6,3,26.5,76,"New Hampshire"
"679",1988,147.9,2.3,21.1,81,"New Hampshire"
"680",1989,168.5,3.3,23.8,93,"New Hampshire"
"681",1990,131.5,1.9,27.2,103,"New Hampshire"
"682",1991,119.3,3.6,33,117,"New Hampshire"
"683",1992,125.7,1.6,33,132,"New Hampshire"
"684",1993,137.8,2,27.3,160,"New Hampshire"
"685",1994,116.8,1.4,27.1,157,"New Hampshire"
"686",1995,114.5,1.8,27.4,177,"New Hampshire"
"687",1996,118.2,1.7,27.3,174,"New Hampshire"
"688",1997,113.2,1.4,23.4,176,"New Hampshire"
"689",1998,107.2,1.5,21.5,184,"New Hampshire"
"690",1999,96.5,1.5,21.4,182,"New Hampshire"
"691",1977,392,5.6,180.4,78,"New Jersey"
"692",1978,423.5,5.4,192.6,78,"New Jersey"
"693",1979,501.2,6.6,250,74,"New Jersey"
"694",1980,604.4,6.9,303.7,76,"New Jersey"
"695",1981,630.6,7.3,334.6,76,"New Jersey"
"696",1982,607.4,6.5,307.6,92,"New Jersey"
"697",1983,553.1,5.3,269,107,"New Jersey"
"698",1984,527.7,5.3,242.4,136,"New Jersey"
"699",1985,544.5,5.4,255,138,"New Jersey"
"700",1986,572.5,5.2,268.7,149,"New Jersey"
"701",1987,541,4.6,232.8,157,"New Jersey"
"702",1988,582.8,5.3,245.2,177,"New Jersey"
"703",1989,609,5.1,273.3,219,"New Jersey"
"704",1990,647.6,5.6,301,251,"New Jersey"
"705",1991,634.8,5.2,293.1,271,"New Jersey"
"706",1992,625.8,5.1,285.2,301,"New Jersey"
"707",1993,626.9,5.3,296,290,"New Jersey"
"708",1994,614.2,5,288,301,"New Jersey"
"709",1995,599.8,5.1,283,311,"New Jersey"
"710",1996,531.5,4.2,235.8,340,"New Jersey"
"711",1997,492.6,4.2,210.6,343,"New Jersey"
"712",1998,440.1,4,186.2,351,"New Jersey"
"713",1999,411.9,3.5,174.9,382,"New Jersey"
"714",1977,500.9,8.8,109.6,105,"New Mexico"
"715",1978,528.2,10.2,111.6,126,"New Mexico"
"716",1979,586,12.4,121,123,"New Mexico"
"717",1980,615,13.1,127.9,112,"New Mexico"
"718",1981,671.7,11.4,140.8,106,"New Mexico"
"719",1982,734.5,11.6,126.2,100,"New Mexico"
"720",1983,686.8,8.9,114,126,"New Mexico"
"721",1984,688.1,9.1,130.3,142,"New Mexico"
"722",1985,703.9,10.9,138.1,133,"New Mexico"
"723",1986,725.6,11.5,129.5,144,"New Mexico"
"724",1987,628.5,10.1,108.3,154,"New Mexico"
"725",1988,658.1,11.5,103.1,174,"New Mexico"
"726",1989,703.9,8.6,105.2,180,"New Mexico"
"727",1990,780.2,9.2,115.1,178,"New Mexico"
"728",1991,834.8,10.5,120.3,196,"New Mexico"
"729",1992,934.9,8.9,139.3,191,"New Mexico"
"730",1993,929.7,8,138.4,197,"New Mexico"
"731",1994,889.2,10.7,140.8,206,"New Mexico"
"732",1995,819.2,8.8,154.5,211,"New Mexico"
"733",1996,840.6,11.5,162.4,231,"New Mexico"
"734",1997,853.3,7.7,171.4,261,"New Mexico"
"735",1998,961.4,10.9,163.4,256,"New Mexico"
"736",1999,834.5,9.8,148.2,271,"New Mexico"
"737",1977,831.8,10.7,472.6,98,"New York"
"738",1978,841,10.3,472.1,108,"New York"
"739",1979,917.4,11.9,529.6,114,"New York"
"740",1980,1029.5,12.7,641.3,120,"New York"
"741",1981,1069.6,12.3,684,123,"New York"
"742",1982,990.1,11.4,610.7,145,"New York"
"743",1983,914.1,11.1,536.5,158,"New York"
"744",1984,914.3,10.1,506.9,172,"New York"
"745",1985,929.9,9.5,504.4,187,"New York"
"746",1986,985.9,10.7,514.1,195,"New York"
"747",1987,1008.1,11.3,503.3,216,"New York"
"748",1988,1097.3,12.5,544.4,229,"New York"
"749",1989,1131.2,12.5,579.3,248,"New York"
"750",1990,1180.9,14.5,624.7,285,"New York"
"751",1991,1163.9,14.2,622.1,304,"New York"
"752",1992,1122.1,13.2,596.9,320,"New York"
"753",1993,1073.5,13.3,561.2,340,"New York"
"754",1994,965.6,11.1,476.7,354,"New York"
"755",1995,841.9,8.5,399.7,367,"New York"
"756",1996,727,7.4,340,378,"New York"
"757",1997,688.6,6,309.3,383,"New York"
"758",1998,637.8,5.1,270.3,386,"New York"
"759",1999,588.8,5,240.8,397,"New York"
"760",1977,407.1,10.6,61.3,214,"North Carolina"
"761",1978,413.4,10.8,65.9,234,"North Carolina"
"762",1979,446.1,10.7,77.2,223,"North Carolina"
"763",1980,455,10.6,82.3,240,"North Carolina"
"764",1981,436.7,9.1,80.8,244,"North Carolina"
"765",1982,446.3,9.1,85.9,248,"North Carolina"
"766",1983,409.6,8.1,79.6,255,"North Carolina"
"767",1984,403.6,8.7,74.8,233,"North Carolina"
"768",1985,420.9,8.3,78.2,246,"North Carolina"
"769",1986,475.9,8.1,87.7,254,"North Carolina"
"770",1987,484,8.1,93.9,257,"North Carolina"
"771",1988,501.9,7.8,108.6,250,"North Carolina"
"772",1989,546.4,8.9,133.5,249,"North Carolina"
"773",1990,623.5,10.7,152.1,250,"North Carolina"
"774",1991,658.4,11.4,178,265,"North Carolina"
"775",1992,681,10.6,186.8,269,"North Carolina"
"776",1993,679.3,11.3,192.4,290,"North Carolina"
"777",1994,655,10.9,181.2,305,"North Carolina"
"778",1995,646.4,9.4,179.2,323,"North Carolina"
"779",1996,588.1,8.5,163.9,384,"North Carolina"
"780",1997,607,8.3,172.6,376,"North Carolina"
"781",1998,579.4,8.1,160.8,370,"North Carolina"
"782",1999,542.1,7.2,158,358,"North Carolina"
"783",1977,67.1,0.9,13.3,26,"North Dakota"
"784",1978,67,1.2,15.6,30,"North Dakota"
"785",1979,61.3,1.5,9.9,21,"North Dakota"
"786",1980,54,1.2,7.7,19,"North Dakota"
"787",1981,67.5,2.3,12.9,28,"North Dakota"
"788",1982,61.8,0.7,12.7,33,"North Dakota"
"789",1983,53.7,2.1,7.8,47,"North Dakota"
"790",1984,53.6,1.2,7.7,51,"North Dakota"
"791",1985,47,1,6.4,54,"North Dakota"
"792",1986,51.3,1,6.9,55,"North Dakota"
"793",1987,56.8,1.5,7.6,53,"North Dakota"
"794",1988,59.1,1.8,8.1,57,"North Dakota"
"795",1989,63.2,0.6,9.2,62,"North Dakota"
"796",1990,73.9,0.8,7.8,62,"North Dakota"
"797",1991,65.4,1.1,8,67,"North Dakota"
"798",1992,83.3,1.9,7.9,68,"North Dakota"
"799",1993,82.2,1.7,8.3,67,"North Dakota"
"800",1994,81.8,0.2,11.1,70,"North Dakota"
"801",1995,86.7,0.9,10,78,"North Dakota"
"802",1996,84,2.2,11,85,"North Dakota"
"803",1997,87.2,0.9,6.4,101,"North Dakota"
"804",1998,89.3,1.1,10.2,112,"North Dakota"
"805",1999,66.9,1.6,8.8,128,"North Dakota"
"806",1977,406.7,7.8,190.5,117,"Ohio"
"807",1978,412.7,6.9,182.6,120,"Ohio"
"808",1979,457.5,8.1,194.8,122,"Ohio"
"809",1980,498.3,8.1,223.7,125,"Ohio"
"810",1981,496.6,7.4,236.9,125,"Ohio"
"811",1982,436.7,6.3,183.6,139,"Ohio"
"812",1983,397.9,5.6,159.4,160,"Ohio"
"813",1984,385.3,5.1,145.6,155,"Ohio"
"814",1985,381.6,5.2,133.1,174,"Ohio"
"815",1986,420.9,5.5,142.1,194,"Ohio"
"816",1987,421.3,5.8,153.1,209,"Ohio"
"817",1988,452,5.4,161.4,219,"Ohio"
"818",1989,468.6,6,170.9,243,"Ohio"
"819",1990,506.2,6.1,188.5,279,"Ohio"
"820",1991,561.8,7.2,215.2,289,"Ohio"
"821",1992,525.9,6.6,199,324,"Ohio"
"822",1993,504.1,6,192.7,347,"Ohio"
"823",1994,485.8,6,187.5,365,"Ohio"
"824",1995,482.5,5.4,178.7,387,"Ohio"
"825",1996,428.7,4.8,164.1,400,"Ohio"
"826",1997,435.4,4.7,158.7,413,"Ohio"
"827",1998,362.5,4,133.5,429,"Ohio"
"828",1999,316.4,3.5,128,432,"Ohio"
"829",1977,316.6,8.6,73.8,133,"Oklahoma"
"830",1978,353,8.5,88.3,129,"Oklahoma"
"831",1979,405.2,9.7,102.6,146,"Oklahoma"
"832",1980,419.5,10,104.9,147,"Oklahoma"
"833",1981,426.8,9,115.4,151,"Oklahoma"
"834",1982,443.9,10.8,132.8,169,"Oklahoma"
"835",1983,423.4,7.6,128.7,201,"Oklahoma"
"836",1984,407.5,7.8,111.2,212,"Oklahoma"
"837",1985,422,7.7,106.8,236,"Oklahoma"
"838",1986,436.4,8.1,106.5,250,"Oklahoma"
"839",1987,417.6,7.5,109.5,288,"Oklahoma"
"840",1988,434.5,7.4,105.1,296,"Oklahoma"
"841",1989,491.5,6.5,126.2,323,"Oklahoma"
"842",1990,547.5,8,121.9,361,"Oklahoma"
"843",1991,583.7,7.2,128.9,381,"Oklahoma"
"844",1992,622.8,6.5,136.2,416,"Oklahoma"
"845",1993,634.8,8.4,121.8,459,"Oklahoma"
"846",1994,651.5,6.9,128.1,506,"Oklahoma"
"847",1995,664.1,12.2,115.6,508,"Oklahoma"
"848",1996,597.1,6.8,106.8,552,"Oklahoma"
"849",1997,559.5,6.9,103.9,591,"Oklahoma"
"850",1998,539.4,6.1,92,617,"Oklahoma"
"851",1999,508.2,6.9,82.9,622,"Oklahoma"
"852",1977,455.8,4.9,124.1,122,"Oregon"
"853",1978,502.4,5,131.1,122,"Oregon"
"854",1979,545.4,4.2,130.6,117,"Oregon"
"855",1980,490.4,5.1,152.4,122,"Oregon"
"856",1981,478.7,4.4,180.6,120,"Oregon"
"857",1982,473,5.1,167.3,124,"Oregon"
"858",1983,487.8,4.1,170.3,146,"Oregon"
"859",1984,506.1,4.8,168.6,157,"Oregon"
"860",1985,551.1,4.7,185.6,170,"Oregon"
"861",1986,549.7,6.6,205.9,165,"Oregon"
"862",1987,539.5,5.6,196,176,"Oregon"
"863",1988,545.7,5.1,193,200,"Oregon"
"864",1989,518.6,4.8,151.8,215,"Oregon"
"865",1990,506.8,3.8,144.3,235,"Oregon"
"866",1991,506.3,4.6,150.1,223,"Oregon"
"867",1992,510.2,4.7,151.4,228,"Oregon"
"868",1993,503.1,4.6,129.6,174,"Oregon"
"869",1994,520.6,4.9,138.2,166,"Oregon"
"870",1995,522.4,4.1,137.9,191,"Oregon"
"871",1996,463.1,4,122.2,206,"Oregon"
"872",1997,444.4,2.9,117.5,226,"Oregon"
"873",1998,419.8,3.8,105.2,232,"Oregon"
"874",1999,374.9,2.7,86.2,260,"Oregon"
"875",1977,282.8,5.6,130.3,56,"Pennsylvania"
"876",1978,301.1,6.2,136.7,56,"Pennsylvania"
"877",1979,333.6,6.2,152.2,65,"Pennsylvania"
"878",1980,363.9,6.8,177.9,67,"Pennsylvania"
"879",1981,371.7,6.1,186.6,68,"Pennsylvania"
"880",1982,360.4,5.7,175.4,78,"Pennsylvania"
"881",1983,342.8,4.9,172.3,88,"Pennsylvania"
"882",1984,320.6,4.5,148.4,98,"Pennsylvania"
"883",1985,331.1,4.6,147,109,"Pennsylvania"
"884",1986,358.6,5.5,152.1,119,"Pennsylvania"
"885",1987,369.4,5.4,144.4,128,"Pennsylvania"
"886",1988,362,5.5,138.1,136,"Pennsylvania"
"887",1989,378.6,6.3,149.7,149,"Pennsylvania"
"888",1990,431,6.7,176.2,169,"Pennsylvania"
"889",1991,450,6.3,193.9,183,"Pennsylvania"
"890",1992,427,6.2,180.7,192,"Pennsylvania"
"891",1993,417.5,6.8,179,207,"Pennsylvania"
"892",1994,426.7,5.9,186.7,216,"Pennsylvania"
"893",1995,427.3,6.3,189.3,235,"Pennsylvania"
"894",1996,480.3,5.7,189,268,"Pennsylvania"
"895",1997,442.1,5.9,156.3,286,"Pennsylvania"
"896",1998,420.5,5.3,164.9,291,"Pennsylvania"
"897",1999,420.5,4.9,155.7,303,"Pennsylvania"
"898",1977,301.6,3.6,86.5,53,"Rhode Island"
"899",1978,348.1,4,98.2,56,"Rhode Island"
"900",1979,375.1,3.2,109.7,56,"Rhode Island"
"901",1980,408.5,4.4,118.6,63,"Rhode Island"
"902",1981,441.7,4.2,132,65,"Rhode Island"
"903",1982,401.8,3.7,114.7,72,"Rhode Island"
"904",1983,355.2,2.7,112.9,82,"Rhode Island"
"905",1984,334.7,3.4,113.4,92,"Rhode Island"
"906",1985,346.6,3.6,115.9,92,"Rhode Island"
"907",1986,335.5,3.5,118.7,99,"Rhode Island"
"908",1987,359.7,3.5,107.7,103,"Rhode Island"
"909",1988,396.7,4.1,115.2,100,"Rhode Island"
"910",1989,378,4.9,112.4,118,"Rhode Island"
"911",1990,431.9,4.8,122,146,"Rhode Island"
"912",1991,462,3.7,122.9,157,"Rhode Island"
"913",1992,394.5,3.6,94.5,173,"Rhode Island"
"914",1993,401.7,3.9,101.1,170,"Rhode Island"
"915",1994,375.5,4.1,87.3,172,"Rhode Island"
"916",1995,368,3.3,92.3,186,"Rhode Island"
"917",1996,347.2,2.5,83.2,186,"Rhode Island"
"918",1997,333.5,2.5,71.6,205,"Rhode Island"
"919",1998,312.1,2.4,66.7,213,"Rhode Island"
"920",1999,286.6,3.6,79.5,220,"Rhode Island"
"921",1977,636.2,11.9,105.9,230,"South Carolina"
"922",1978,637.6,11.5,101.3,239,"South Carolina"
"923",1979,678.3,12.6,107.6,243,"South Carolina"
"924",1980,660,11.4,118.1,237,"South Carolina"
"925",1981,640.4,10.4,120.2,238,"South Carolina"
"926",1982,720,10.9,122.4,251,"South Carolina"
"927",1983,616.8,9.8,104.9,270,"South Carolina"
"928",1984,624.5,9.2,103.3,276,"South Carolina"
"929",1985,631,9.1,93.9,284,"South Carolina"
"930",1986,674.6,8.6,99.5,294,"South Carolina"
"931",1987,664.9,9.3,101.1,324,"South Carolina"
"932",1988,741.2,9.3,124.7,344,"South Carolina"
"933",1989,813.7,9.1,130.2,369,"South Carolina"
"934",1990,976.6,11.2,152.4,416,"South Carolina"
"935",1991,972.5,11.3,171.1,451,"South Carolina"
"936",1992,944.5,10.4,170.6,473,"South Carolina"
"937",1993,1023.4,10.3,187.3,486,"South Carolina"
"938",1994,1030.5,9.6,186.1,488,"South Carolina"
"939",1995,981.9,7.9,175.9,494,"South Carolina"
"940",1996,996.9,9,172,515,"South Carolina"
"941",1997,990.3,8.4,176.2,532,"South Carolina"
"942",1998,903.2,8,154.9,536,"South Carolina"
"943",1999,847.1,6.6,148.2,550,"South Carolina"
"944",1977,189.1,2,17.9,70,"South Dakota"
"945",1978,163.5,1.9,15.9,76,"South Dakota"
"946",1979,159.1,2,20.3,74,"South Dakota"
"947",1980,126.8,0.7,20.1,77,"South Dakota"
"948",1981,104.8,1.8,17.8,88,"South Dakota"
"949",1982,99,2.7,17.1,97,"South Dakota"
"950",1983,120,2.1,15.9,109,"South Dakota"
"951",1984,147.5,1.8,14.9,115,"South Dakota"
"952",1985,136.6,1.8,17.1,127,"South Dakota"
"953",1986,124.7,4,16.2,146,"South Dakota"
"954",1987,119.7,1.8,12.3,160,"South Dakota"
"955",1988,113.7,3.1,12.2,160,"South Dakota"
"956",1989,135.5,1.3,11.7,143,"South Dakota"
"957",1990,162.8,2,12.4,175,"South Dakota"
"958",1991,182.2,1.7,18.8,187,"South Dakota"
"959",1992,194.5,0.6,16.9,191,"South Dakota"
"960",1993,208.4,3.4,15,208,"South Dakota"
"961",1994,227.6,1.4,18.7,216,"South Dakota"
"962",1995,207.5,1.8,25.9,236,"South Dakota"
"963",1996,177.2,1.2,18.9,252,"South Dakota"
"964",1997,197.4,1.4,23.3,284,"South Dakota"
"965",1998,154.3,1.4,20.2,303,"South Dakota"
"966",1999,167.4,2.5,14.1,329,"South Dakota"
"967",1977,389.5,10.1,145.8,114,"Tennessee"
"968",1978,382.6,9.4,152.4,127,"Tennessee"
"969",1979,414,9.8,166.1,134,"Tennessee"
"970",1980,458.1,10.8,180.6,151,"Tennessee"
"971",1981,412.6,9.7,171.7,153,"Tennessee"
"972",1982,421.1,9.7,175.7,171,"Tennessee"
"973",1983,402,8.8,172.8,173,"Tennessee"
"974",1984,445.4,8.4,166.8,187,"Tennessee"
"975",1985,474.4,9,180.9,154,"Tennessee"
"976",1986,539.6,10.4,207.7,149,"Tennessee"
"977",1987,533.5,9.1,193.8,157,"Tennessee"
"978",1988,532.7,9.4,173.6,156,"Tennessee"
"979",1989,548.9,8.4,160.4,157,"Tennessee"
"980",1990,670.4,10.5,191.2,213,"Tennessee"
"981",1991,725.9,11,212.9,207,"Tennessee"
"982",1992,746.2,10.4,218.2,227,"Tennessee"
"983",1993,765.8,10.2,220.1,234,"Tennessee"
"984",1994,747.9,9.3,207.4,250,"Tennessee"
"985",1995,771.5,10.6,223.2,276,"Tennessee"
"986",1996,774,9.5,223.7,287,"Tennessee"
"987",1997,789.7,9.5,214,292,"Tennessee"
"988",1998,715,8.5,178,309,"Tennessee"
"989",1999,694.9,7.1,156.8,325,"Tennessee"
"990",1977,407.7,13.3,152.4,167,"Texas"
"991",1978,435.3,14.2,164.4,176,"Texas"
"992",1979,507.9,16.7,191.8,189,"Texas"
"993",1980,550.3,16.9,208.5,196,"Texas"
"994",1981,532.4,16.6,193.3,210,"Texas"
"995",1982,577.1,16.1,220,210,"Texas"
"996",1983,512.2,14.2,189.3,237,"Texas"
"997",1984,505,13.1,178.5,221,"Texas"
"998",1985,550,13,193.5,226,"Texas"
"999",1986,658.9,13.5,239.9,226,"Texas"
"1000",1987,631.1,11.7,226.7,228,"Texas"
"1001",1988,652.6,12.1,234.2,231,"Texas"
"1002",1989,658.5,11.9,223.1,240,"Texas"
"1003",1990,761.4,14.1,260.8,257,"Texas"
"1004",1991,840.1,15.3,286.5,290,"Texas"
"1005",1992,806.3,12.7,252.5,297,"Texas"
"1006",1993,762.1,11.9,224.4,344,"Texas"
"1007",1994,706.5,11,204.8,385,"Texas"
"1008",1995,663.9,9,179.8,637,"Texas"
"1009",1996,644.4,7.7,171.5,677,"Texas"
"1010",1997,602.5,6.8,157,686,"Texas"
"1011",1998,564.6,6.8,145.1,717,"Texas"
"1012",1999,560.3,6.1,146.7,724,"Texas"
"1013",1977,240,3.5,68.8,60,"Utah"
"1014",1978,271.8,3.7,66.5,64,"Utah"
"1015",1979,304.2,4.8,77.7,69,"Utah"
"1016",1980,303.3,3.8,80.2,68,"Utah"
"1017",1981,298.6,3.3,84.8,64,"Utah"
"1018",1982,285.7,3.4,86.5,73,"Utah"
"1019",1983,256,3.5,64.3,77,"Utah"
"1020",1984,244.2,2.8,58,77,"Utah"
"1021",1985,267.4,3,55.2,84,"Utah"
"1022",1986,266.7,3.2,58.6,98,"Utah"
"1023",1987,229.8,3.3,52.8,108,"Utah"
"1024",1988,243.1,2.8,54.1,110,"Utah"
"1025",1989,258.8,2.6,52.6,115,"Utah"
"1026",1990,283.9,3,56.9,137,"Utah"
"1027",1991,286.8,2.9,55.1,142,"Utah"
"1028",1992,290.5,3,55.9,149,"Utah"
"1029",1993,301,3.1,58.6,146,"Utah"
"1030",1994,304.5,2.9,63.6,152,"Utah"
"1031",1995,328.8,3.9,67.1,157,"Utah"
"1032",1996,331.9,3.2,68.9,174,"Utah"
"1033",1997,334,2.4,68.4,195,"Utah"
"1034",1998,314.2,3.1,66,205,"Utah"
"1035",1999,275.5,2.1,54.4,205,"Utah"
"1036",1977,149.5,1.4,30.8,64,"Vermont"
"1037",1978,166.3,3.3,14.4,57,"Vermont"
"1038",1979,184.2,1.4,28.6,76,"Vermont"
"1039",1980,178.8,2.2,38.9,62,"Vermont"
"1040",1981,128,4.3,27.6,67,"Vermont"
"1041",1982,126.9,2.3,23.1,76,"Vermont"
"1042",1983,132.6,3.6,27.8,84,"Vermont"
"1043",1984,145.1,2.3,23,72,"Vermont"
"1044",1985,147.7,3.4,20.9,74,"Vermont"
"1045",1986,149.2,2,22.2,82,"Vermont"
"1046",1987,136.5,2.7,16.8,81,"Vermont"
"1047",1988,142.3,2,16,91,"Vermont"
"1048",1989,132.8,1.9,18,98,"Vermont"
"1049",1990,127.2,2.3,11.7,109,"Vermont"
"1050",1991,116.8,2.1,11.8,117,"Vermont"
"1051",1992,109.5,2.1,8.9,124,"Vermont"
"1052",1993,114.2,3.6,9,151,"Vermont"
"1053",1994,96.9,1,12.2,154,"Vermont"
"1054",1995,118.3,2.2,10.9,168,"Vermont"
"1055",1996,121.2,1.9,15.4,179,"Vermont"
"1056",1997,119.7,1.5,13.4,136,"Vermont"
"1057",1998,106.3,2.2,9.5,140,"Vermont"
"1058",1999,113.8,2.9,10.9,188,"Vermont"
"1059",1977,290,9,92.1,126,"Virginia"
"1060",1978,286.4,8.8,97.1,142,"Virginia"
"1061",1979,301,8.6,111.6,157,"Virginia"
"1062",1980,307.2,8.6,120.1,158,"Virginia"
"1063",1981,321.7,8.6,133.2,161,"Virginia"
"1064",1982,309.1,7.4,122.2,165,"Virginia"
"1065",1983,292.5,7,110.5,177,"Virginia"
"1066",1984,295.6,7.7,102.3,177,"Virginia"
"1067",1985,294.7,7.1,100.2,185,"Virginia"
"1068",1986,306,7.1,105.7,204,"Virginia"
"1069",1987,295,7.4,105.8,215,"Virginia"
"1070",1988,299.2,7.8,112.5,217,"Virginia"
"1071",1989,312.5,7.9,106.5,230,"Virginia"
"1072",1990,350.6,8.8,123.3,263,"Virginia"
"1073",1991,373.2,9.3,137.6,279,"Virginia"
"1074",1992,374.9,8.8,137.8,311,"Virginia"
"1075",1993,372.2,8.3,142,327,"Virginia"
"1076",1994,357.7,8.7,132.8,346,"Virginia"
"1077",1995,361.5,7.6,131.7,406,"Virginia"
"1078",1996,341.3,7.5,122.6,410,"Virginia"
"1079",1997,345.2,7.2,124.5,404,"Virginia"
"1080",1998,325.7,6.2,105.6,407,"Virginia"
"1081",1999,314.7,5.7,101.1,399,"Virginia"
"1082",1977,374.9,4.3,106.2,109,"Washington"
"1083",1978,405.3,4.6,125,118,"Washington"
"1084",1979,434.6,4.8,120.7,112,"Washington"
"1085",1980,464.3,5.5,135.1,113,"Washington"
"1086",1981,447.3,5.1,130,106,"Washington"
"1087",1982,406.4,4.4,117.9,125,"Washington"
"1088",1983,371.8,4.9,105.4,148,"Washington"
"1089",1984,406.4,4.6,120.6,155,"Washington"
"1090",1985,425.4,5.2,132,156,"Washington"
"1091",1986,437,5,135.1,156,"Washington"
"1092",1987,439.5,5.6,141.4,147,"Washington"
"1093",1988,466.4,5.7,145.9,134,"Washington"
"1094",1989,471.7,4.4,140.1,124,"Washington"
"1095",1990,501.6,4.9,130,142,"Washington"
"1096",1991,522.6,4.2,145.5,162,"Washington"
"1097",1992,534.5,5,139.8,182,"Washington"
"1098",1993,514.6,5.2,137.1,192,"Washington"
"1099",1994,511.3,5.5,139.7,196,"Washington"
"1100",1995,484.3,5.1,132.7,201,"Washington"
"1101",1996,431.2,4.6,119,212,"Washington"
"1102",1997,440.7,4.3,120,225,"Washington"
"1103",1998,428.5,3.9,115.6,233,"Washington"
"1104",1999,377.3,3,100.9,247,"Washington"
"1105",1977,152.3,6,42.2,71,"West Virginia"
"1106",1978,167.7,6.8,46.3,67,"West Virginia"
"1107",1979,168.1,6.8,43.9,63,"West Virginia"
"1108",1980,183.7,7.1,48.5,66,"West Virginia"
"1109",1981,174.8,6,50.2,64,"West Virginia"
"1110",1982,174.8,5.2,49.8,80,"West Virginia"
"1111",1983,171.8,4.9,44.2,77,"West Virginia"
"1112",1984,168.2,4.4,38.1,83,"West Virginia"
"1113",1985,166,3.8,37.6,82,"West Virginia"
"1114",1986,164.5,5.9,41,89,"West Virginia"
"1115",1987,137.3,4.8,31.2,77,"West Virginia"
"1116",1988,131.4,4.9,34.2,77,"West Virginia"
"1117",1989,146.7,6.5,42.7,78,"West Virginia"
"1118",1990,169.3,5.7,37.9,84,"West Virginia"
"1119",1991,191,6.2,43.3,85,"West Virginia"
"1120",1992,211.5,6.3,43.5,83,"West Virginia"
"1121",1993,208.4,6.9,43,92,"West Virginia"
"1122",1994,215.8,5.4,42.4,98,"West Virginia"
"1123",1995,210.2,4.9,42.7,106,"West Virginia"
"1124",1996,210.1,3.8,40.4,136,"West Virginia"
"1125",1997,218.7,4.1,43.1,149,"West Virginia"
"1126",1998,248.6,4.3,37.3,174,"West Virginia"
"1127",1999,350.6,4.4,36.6,192,"West Virginia"
"1128",1977,131.5,2.8,52.2,71,"Wisconsin"
"1129",1978,132.2,2.5,49.9,72,"Wisconsin"
"1130",1979,166.1,3.4,60.5,73,"Wisconsin"
"1131",1980,182.6,2.9,70.7,73,"Wisconsin"
"1132",1981,187.9,3.4,68.6,85,"Wisconsin"
"1133",1982,190.5,3.1,71.2,93,"Wisconsin"
"1134",1983,190.9,2.8,71.9,96,"Wisconsin"
"1135",1984,196.5,2.5,66.4,102,"Wisconsin"
"1136",1985,206.9,2.8,70.2,105,"Wisconsin"
"1137",1986,257.9,3.1,72.8,113,"Wisconsin"
"1138",1987,249.9,3.5,66.4,119,"Wisconsin"
"1139",1988,214.4,3,67.1,126,"Wisconsin"
"1140",1989,222.6,3.6,75.2,130,"Wisconsin"
"1141",1990,264.7,4.6,112.7,138,"Wisconsin"
"1142",1991,277,4.8,119,149,"Wisconsin"
"1143",1992,275.7,4.4,119.8,157,"Wisconsin"
"1144",1993,264.4,4.4,113.4,176,"Wisconsin"
"1145",1994,270.5,4.5,112.9,166,"Wisconsin"
"1146",1995,281.1,4.3,105.1,187,"Wisconsin"
"1147",1996,252.7,4,96.6,201,"Wisconsin"
"1148",1997,270.6,4,100.9,238,"Wisconsin"
"1149",1998,249,3.6,85.6,283,"Wisconsin"
"1150",1999,245.9,3.4,84.7,334,"Wisconsin"
"1151",1977,240.9,5.4,39.7,87,"Wyoming"
"1152",1978,280.4,7.1,48.1,98,"Wyoming"
"1153",1979,350.9,9.1,42.2,102,"Wyoming"
"1154",1980,392.6,6.2,44.4,95,"Wyoming"
"1155",1981,430.1,5.5,41.9,113,"Wyoming"
"1156",1982,304.2,9.2,34.3,117,"Wyoming"
"1157",1983,237.2,5.8,29.8,135,"Wyoming"
"1158",1984,242.1,3.3,23.1,138,"Wyoming"
"1159",1985,256.8,4.3,20,143,"Wyoming"
"1160",1986,293.1,5.3,22.5,148,"Wyoming"
"1161",1987,283.1,2,20,168,"Wyoming"
"1162",1988,314,2.5,15.1,190,"Wyoming"
"1163",1989,258.3,4.4,17.1,199,"Wyoming"
"1164",1990,301.4,4.9,15.9,216,"Wyoming"
"1165",1991,310.2,3.3,17.2,237,"Wyoming"
"1166",1992,319.5,3.6,18,237,"Wyoming"
"1167",1993,286.2,3.4,17.2,226,"Wyoming"
"1168",1994,272.5,3.4,16.6,238,"Wyoming"
"1169",1995,254.2,2.1,17.9,254,"Wyoming"
"1170",1996,249.7,3.3,20.4,289,"Wyoming"
"1171",1997,255.2,3.5,17.7,310,"Wyoming"
"1172",1998,247.6,4.8,16.2,326,"Wyoming"
"1173",1999,232.3,2.3,15.4,327,"Wyoming"
